source,term_name,term_id,highlighted,adjusted_p_value,negative_log10_of_adjusted_p_value,term_size,query_size,intersection_size,effective_domain_size,intersections
GO:MF,transcription regulator activity,GO:0140110,TRUE,0.007122913,2.147342368,462,245,19,17566,"LOC111100610,LOC111108274,LOC111110225,LOC111119599,LOC111119625,LOC111119651,LOC111122589,LOC111129329,LOC111129405,LOC111132203,LOC111134536,LOC111134887,LOC111135975,LOC111136216,LOC111136321,LOC111136602,LOC111137553,LOC111137803,LOC111138458"
GO:MF,DNA-binding transcription factor activity,GO:0003700,FALSE,0.010811419,1.966117306,395,245,17,17566,"LOC111108274,LOC111110225,LOC111119599,LOC111119625,LOC111119651,LOC111122589,LOC111129329,LOC111129405,LOC111132203,LOC111134536,LOC111134887,LOC111135975,LOC111136216,LOC111136321,LOC111137553,LOC111137803,LOC111138458"
GO:BP,regulation of DNA-templated transcription,GO:0006355,TRUE,0.04554829,1.341527921,622,174,25,9567,"LOC111100610,LOC111107792,LOC111108274,LOC111110225,LOC111119346,LOC111119599,LOC111119625,LOC111119637,LOC111119651,LOC111121660,LOC111122589,LOC111128383,LOC111129329,LOC111129405,LOC111129852,LOC111132203,LOC111134536,LOC111134887,LOC111135975,LOC111136216,LOC111136321,LOC111136576,LOC111137553,LOC111137803,LOC111138458"
GO:BP,regulation of RNA biosynthetic process,GO:2001141,FALSE,0.04554829,1.341527921,622,174,25,9567,"LOC111100610,LOC111107792,LOC111108274,LOC111110225,LOC111119346,LOC111119599,LOC111119625,LOC111119637,LOC111119651,LOC111121660,LOC111122589,LOC111128383,LOC111129329,LOC111129405,LOC111129852,LOC111132203,LOC111134536,LOC111134887,LOC111135975,LOC111136216,LOC111136321,LOC111136576,LOC111137553,LOC111137803,LOC111138458"
GO:BP,transcription by RNA polymerase II,GO:0006366,TRUE,0.048139439,1.317498978,187,174,12,9567,"LOC111100610,LOC111108274,LOC111110225,LOC111110592,LOC111119637,LOC111121660,LOC111122589,LOC111129329,LOC111129852,LOC111130231,LOC111134887,LOC111138458"
