source,term_name,term_id,highlighted,adjusted_p_value,negative_log10_of_adjusted_p_value,term_size,query_size,intersection_size,effective_domain_size,intersections
GO:MF,RNA binding,GO:0003723,TRUE,0.000574037,3.241060446,511,123,15,17566,"LOC111136635,LOC111126771,LOC111138166,LOC111125369,LOC111120641,LOC111125036,LOC111121745,LOC111136408,LOC111130462,LOC111114302,LOC111120515,LOC111119664,LOC111118318,LOC111134616,LOC111122023"
GO:BP,mRNA processing,GO:0006397,TRUE,0.002321389,2.634252083,141,69,8,9567,"LOC111120641,LOC111115153,LOC111125937,LOC111121745,LOC111136408,LOC111124477,LOC111120515,LOC111124560"
GO:BP,mRNA metabolic process,GO:0016071,FALSE,0.008002484,2.096775199,167,69,8,9567,"LOC111120641,LOC111115153,LOC111125937,LOC111121745,LOC111136408,LOC111124477,LOC111120515,LOC111124560"
GO:BP,protein catabolic process,GO:0030163,TRUE,0.045775074,1.339370943,111,69,6,9567,"LOC111136988,LOC111122738,LOC111135851,LOC111125013,LOC111135088,LOC111120048"
GO:BP,mRNA splice site recognition,GO:0006376,TRUE,0.049703798,1.303610429,3,69,2,9567,"LOC111120641,LOC111121745"
