"","Type","modColor","KEGGID_pathway","pathway.name","Num.genes.all","Num.genes.exp","Gene.IDs","Rich_factor","pvalue","log10_pvalue","qvalue"
"1","Costly Activation","red and brown","cvn04350","TGF-beta signaling pathway",56,10,"111112989/111130759/111121660/111125628/111131707/111119346/111112940/111113134/111106049/111135361",0.178571428571429,1.44323707570226e-05,4.84066232295202,0.001306509352741
