"","Cvirginica_KEGGID","Type","modColor","KEGGID_pathway","pathway.name","Num.genes.all","Num.genes.exp","Gene.IDs","Rich_factor","pvalue","log10_pvalue","qvalue","Protein_name","Cvirginica_TranscriptID","Airradians_TranscriptID"
"1","cvn:111121726","Frontloaded","pink and magenta","cvn03040","Spliceosome",141,5,"111121726",0.0354609929078014,0.00245567674834655,2.60982880188299,0.0930572241478692,"THO complex subunit 1-like","XM_022463113.1","rna-XM_069270756.1"
"2","cvn:111124560","Frontloaded","pink and magenta","cvn03040","Spliceosome",141,5,"111124560",0.0354609929078014,0.00245567674834655,2.60982880188299,0.0930572241478692,"THO complex subunit 2-like","XM_022467522.1","rna-XM_069275229.1"
"3","cvn:111115153","Frontloaded","pink and magenta","cvn03040","Spliceosome",141,5,"111115153",0.0354609929078014,0.00245567674834655,2.60982880188299,0.0930572241478692,"pre-mRNA-processing factor 40 homolog A-like","XM_022453791.1","rna-XM_069254349.1"
"4","cvn:111115058","Frontloaded","pink and magenta","cvn03040","Spliceosome",141,5,"111115058",0.0354609929078014,0.00245567674834655,2.60982880188299,0.0930572241478692,"probable ATP-dependent RNA helicase DDX23","XM_022453635.1","rna-XM_069254709.1"
"5","cvn:111130237","Frontloaded","pink and magenta","cvn03040","Spliceosome",141,5,"111130237",0.0354609929078014,0.00245567674834655,2.60982880188299,0.0930572241478692,"splicing factor 3B subunit 2-like","XM_022477023.1","rna-XM_069262752.1"
