"","Type","modColor","KEGGID_pathway","pathway.name","Num.genes.all","Num.genes.exp","Gene.IDs","Rich_factor","pvalue","log10_pvalue","qvalue"
"1","Frontloaded","pink and magenta","cvn00785","Lipoic acid metabolism",19,3,"111103958/111106392/111130627",0.157894736842105,0.00244800255602102,2.61118813306845,0.0558316372425846
"2","Frontloaded","pink and magenta","cvn00630","Glyoxylate and dicarboxylate metabolism",51,4,"111119284/111106392/111123929/111114899",0.0784313725490196,0.00623747857223265,2.20499093330877,0.0989721925919164
"3","Frontloaded","pink and magenta","cvn00970","Aminoacyl-tRNA biosynthesis",56,4,"111135733/111130105/111104253/111123900",0.0714285714285714,0.00867909996575267,2.06152530940575,0.0989721925919164
"4","Frontloaded","pink and magenta","cvn01232","Nucleotide metabolism",93,6,"111130301/111103614/111130166/111136057/111138521/111104244",0.0645161290322581,0.00221188807595531,2.65523685260459,0.0558316372425846
"5","Frontloaded","pink and magenta","cvn04814","Motor proteins",148,9,"111125428/111130400/111103394/111129376/111121849/111122805/111112439/111123746/111119946",0.0608108108108108,0.000267321528213671,3.57296606478287,0.0182904203514617
"6","Frontloaded","pink and magenta","cvn01240","Biosynthesis of cofactors",156,7,"111130301/111103614/111130166/111130105/111136057/111136573/111105636",0.0448717948717949,0.00733109679506879,2.13483104631212,0.0989721925919164
