"","Type","modColor","KEGGID_pathway","pathway.name","Num.genes.all","Num.genes.exp","Gene.IDs","Rich_factor","pvalue","log10_pvalue","qvalue"
"1","Frontloaded","pink and magenta","cvn00785","Lipoic acid metabolism",19,3,"111103958/111106392/111130627",0.157894736842105,0.00653186939347071,2.18496250768645,0.176475067823595
"2","Frontloaded","pink and magenta","cvn00970","Aminoacyl-tRNA biosynthesis",56,5,"111135733/111130240/111130105/111104253/111123900",0.0892857142857143,0.00567667264189172,2.24590614962155,0.176475067823595
"3","Frontloaded","pink and magenta","cvn04814","Motor proteins",148,12,"111137068/111125428/111130400/111103394/111129376/111121849/111119668/111122805/111112439/111117984/111123746/111119946",0.0810810810810811,4.57763672158718e-05,4.33935867563486,0.00371029502697067
