"","Day","modColor","KEGGID_pathway","pathway.name","Num.genes.all","Num.genes.exp","Gene.IDs","Rich_factor","pvalue","log10_pvalue","qvalue"
"1","Day14","frontloaded from red and salmon","crg00785","Lipoic acid metabolism",18,3,"105317497/105348639/105318507",0.166666666666667,0.000323590356040136,3.49000443014062,0.00544994283857072
"2","Day14","frontloaded from red and salmon","crg01210","2-Oxocarboxylic acid metabolism",28,4,"105317497/105348639/105330192/105318507",0.142857142857143,0.0000548431306285553,4.26087776219945,0.00184734755801449
"3","Day14","frontloaded from red and salmon","crg03082","ATP-dependent chromatin remodeling",91,5,"105331842/105345699/105323254/105320932/105319561",0.0549450549450549,0.000607156449533064,3.21669938731973,0.00681719522282739
"4","Day14","frontloaded from red and salmon","crg03040","Spliceosome",137,5,"105337188/105318605/105347056/105347185/105319620",0.0364963503649635,0.00377016857859188,2.42363923040021,0.0317487880302475
