"","Day","modColor","KEGGID_pathway","pathway.name","Num.genes.all","Num.genes.exp","Gene.IDs","Rich_factor","pvalue","log10_pvalue","qvalue"
"1","Day14","midnightblue","crg00670","One carbon pool by folate - Magallana gigas (Pacific oyster)",18,3,"105334085/105336517/105345937",0.166666666666667,0.000314200101512132,3.50279367898366,0.0135602149073657
"2","Day14","midnightblue","crg01200","Carbon metabolism - Magallana gigas (Pacific oyster)",107,5,"105339847/105330479/105317497/105328773/105330192",0.0467289719626168,0.0012135894519409,2.91592820692779,0.0261879829103037
