"","Day","modColor","KEGGID_pathway","pathway.name","Num.genes.all","Num.genes.exp","Gene.IDs","Rich_factor","pvalue","log10_pvalue","qvalue"
"1","Day14","blue","crg03050","Proteasome",42,17,"105318528/105326796/105328653/105343011/105318105/105346718/105341026/105327391/105343419/105341348/105334244/105348466/105346293/105324879/105322792/105319167/105322442",0.404761904761905,2.39338222259824e-15,14.6209879391176,1.86431878391863e-13
"2","Day14","blue","crg00190","Oxidative phosphorylation",84,22,"105345691/105344651/105341417/105340141/105344150/105343615/105341238/105338659/105341248/105336649/105319312/105321030/105318218/105336770/105339285/105328413/105343349/105321566/105332217/105333395/105333576/105331281",0.261904761904762,6.04465957825657e-15,14.2186281526109,2.35423583574203e-13
"3","Day14","blue","crg03015","mRNA surveillance pathway",72,9,"105337940/105347084/105319344/105333262/105348755/105329073/105326211/105348874/105321021",0.125,0.000455675380509768,3.34134443509451,0.0118315712834115
"4","Day14","blue","crg03040","Spliceosome",137,12,"105337940/105339188/105328352/105321817/105345314/105348755/105328114/105326999/105321821/105320915/105332589/105346836",0.0875912408759124,0.0014390770608064,2.84191594950543,0.0280241322367562
