"","Day","modColor","KEGGID_pathway","pathway.name","Num.genes.all","Num.genes.exp","Gene.IDs","Rich_factor","pvalue","log10_pvalue","qvalue"
"1","Day14","blue","crg03050","Proteasome - Magallana gigas (Pacific oyster)",42,17,"105318528/105326796/105328653/105343011/105318105/105346718/105341026/105327391/105343419/105341348/105334244/105348466/105346293/105324879/105322792/105319167/105322442",0.404761904761905,2.83273599414717e-15,14.547793899051,2.20655224807254e-13
"2","Day14","blue","crg04980","Cobalamin transport and metabolism - Magallana gigas (Pacific oyster)",13,4,"105317595/105340456/105331412/105333993",0.307692307692308,0.000621133292869412,3.206815191859,0.0120957535979833
"3","Day14","blue","crg00190","Oxidative phosphorylation - Magallana gigas (Pacific oyster)",84,22,"105345691/105344651/105341417/105340141/105344150/105343615/105341238/105338659/105341248/105336649/105319312/105321030/105318218/105336770/105339285/105328413/105343349/105321566/105332217/105333395/105333576/105331281",0.261904761904762,7.50081175277196e-15,14.124891733852,2.92136878792171e-13
"4","Day14","blue","crg03015","mRNA surveillance pathway - Magallana gigas (Pacific oyster)",72,9,"105337940/105347084/105319344/105333262/105348755/105329073/105326211/105348874/105321021",0.125,0.000488721125256904,3.31093888793272,0.0120957535979833
"5","Day14","blue","crg03040","Spliceosome - Magallana gigas (Pacific oyster)",137,12,"105337940/105339188/105328352/105321817/105345314/105348755/105328114/105326999/105321821/105320915/105332589/105346836",0.0875912408759124,0.00156272002991463,2.80611882131174,0.0243455330976174
