"","Cvirginica_KEGGID","Type","modColor","KEGGID_pathway","pathway.name","Num.genes.all","Num.genes.exp","Gene.IDs","Rich_factor","pvalue","log10_pvalue","qvalue","GeneID","ProteinID","meanLength","Annotation_GO_ID"
"1","cvn:111129228","Frontloaded","pink and magenta","cvn01232","Nucleotide metabolism",93,2,"111129228",0.021505376344086,0.01020971754668,1.99098627256687,0.075229497712379,"LOC111129228","nucleoside diphosphate kinase 6-like",218,"GO:0009058;GO:0016301;GO:0034641;GO:0044281"
"2","cvn:111104244","Frontloaded","pink and magenta","cvn01232","Nucleotide metabolism",93,2,"111104244",0.021505376344086,0.01020971754668,1.99098627256687,0.075229497712379,"LOC111104244","thymidylate synthase-like",328,"GO:0008168;GO:0009058;GO:0034641;GO:0044281"
"3","cvn:111129228","Frontloaded","pink and magenta","cvn00240","Pyrimidine metabolism",67,2,"111129228",0.0298507462686567,0.00539983214496457,2.26761974011197,0.075229497712379,"LOC111129228","nucleoside diphosphate kinase 6-like",218,"GO:0009058;GO:0016301;GO:0034641;GO:0044281"
"4","cvn:111104244","Frontloaded","pink and magenta","cvn00240","Pyrimidine metabolism",67,2,"111104244",0.0298507462686567,0.00539983214496457,2.26761974011197,0.075229497712379,"LOC111104244","thymidylate synthase-like",328,"GO:0008168;GO:0009058;GO:0034641;GO:0044281"
"5","cvn:111129323","Frontloaded","pink and magenta","cvn00130","Ubiquinone and other terpenoid-quinone biosynthesis",14,1,"111129323",0.0714285714285714,0.02364755276839,1.62621379675182,0.116163417107881,"LOC111129323","4-coumarate--CoA ligase-like",577,"GO:0003674"
