"","Day","modColor","KEGGID_pathway","pathway.name","Num.genes.all","Num.genes.exp","Gene.IDs","Rich_factor","pvalue","log10_pvalue","qvalue"
"1","Day2","red","crg00785","Lipoic acid metabolism",18,3,"105317497/105348639/105318507",0.166666666666667,0.000206207885761701,3.68569473053016,0.00202590203555356
"2","Day2","red","crg01210","2-Oxocarboxylic acid metabolism",28,4,"105317497/105348639/105330192/105318507",0.142857142857143,2.99098523803638e-05,4.52418573041741,0.000569641562921929
"3","Day2","red","crg00280","Valine, leucine and isoleucine degradation",47,3,"105348639/105338271/105318507",0.0638297872340425,0.00359393807479195,2.44442941025649,0.021185319177721
"4","Day2","red","crg04814","Motor proteins",147,7,"105333630/105335975/105336490/105327708/105341425/105343071/105321599",0.0476190476190476,3.86542489125595e-05,4.41280276105077,0.000569641562921929
"5","Day2","red","crg03082","ATP-dependent chromatin remodeling",91,4,"105331842/105345699/105323254/105320932",0.043956043956044,0.00290992405695851,2.53611834506022,0.021185319177721
