"","Day","modColor","KEGGID_pathway","pathway.name","Num.genes.all","Num.genes.exp","Gene.IDs","Rich_factor","pvalue","log10_pvalue","qvalue"
"1","Day14","pink","crg00785","Lipoic acid metabolism - Magallana gigas (Pacific oyster)",16,3,"105317497/105317940/105333231",0.1875,0.00188732646281105,2.7241529706701,0.0454703540814957
"2","Day14","pink","crg00630","Glyoxylate and dicarboxylate metabolism - Magallana gigas (Pacific oyster)",34,4,"105323160/105322265/105318496/105333231",0.117647058823529,0.00193418670346661,2.71350160658615,0.0454703540814957
"3","Day14","pink","crg04814","Motor proteins - Magallana gigas (Pacific oyster)",129,8,"105330782/105333630/105329829/105320366/105325781/105335975/105331545/105341425",0.062015503875969,0.000927804871296015,3.03254335161525,0.0454703540814957
