"","Day","modColor","KEGGID_pathway","pathway.name","Num.genes.all","Num.genes.exp","Gene.IDs","Rich_factor","pvalue","log10_pvalue","qvalue"
"1","Day14","magenta","crg03040","Spliceosome - Magallana gigas (Pacific oyster)",122,12,"105340246/105336187/105344728/105319620/105334234/105348305/105343416/105340745/105318605/105338779/105330153/105318988",0.0983606557377049,8.4433029969506e-08,7.07348762532556,3.28844432512813e-06
"2","Day14","magenta","crg03082","ATP-dependent chromatin remodeling - Magallana gigas (Pacific oyster)",97,7,"105345699/105342401/105323254/105347164/105337944/105331842/105333220",0.0721649484536082,0.000382456836253686,3.4174175718427,0.00744784365336125
"3","Day14","magenta","crg03013","Nucleocytoplasmic transport - Magallana gigas (Pacific oyster)",84,6,"105322817/105346647/105338779/105343646/105330153/105329976",0.0714285714285714,0.00108425040098361,2.96487040856593,0.0140762332759276
"4","Day14","magenta","crg04141","Protein processing in endoplasmic reticulum - Magallana gigas (Pacific oyster)",127,7,"105334234/105348305/105337599/105334775/105331521/105325113/105347475",0.0551181102362205,0.00190862277840157,2.71927989740353,0.0185839586318048
