"","Day","modColor","KEGGID_pathway","pathway.name","Num.genes.all","Num.genes.exp","Gene.IDs","Rich_factor","pvalue","log10_pvalue","qvalue"
"1","Day14","red","crg03010","Ribosome - Magallana gigas (Pacific oyster)",106,56,"105326463/105323167/105333469/105319364/105329912/105340032/105321315/105338035/105330605/105344646/105318789/105341101/105319573/105347733/105337746/105332844/105339104/105335841/105342397/105347132/105327930/105338614/105347828/105338870/105326418/105347800/105335782/105332191/105331157/105319282/105336480/105319797/105340582/105344033/105348494/105332495/105335873/105321548/105348141/105324356/105324627/105319021/105317506/105344628/105337115/105338085/105341412/105335875/105346731/105332215/105342603/105330130/105341326/105317708/105325638/105348430",0.528301886792453,5.07311720112981e-66,65.2947251043264,2.38436508453101e-64
