"","Day","modColor","KEGGID_pathway","pathway.name","Num.genes.all","Num.genes.exp","Gene.IDs","Rich_factor","pvalue","log10_pvalue","qvalue"
"1","Day2","green","crg04068","FoxO signaling pathway",78,6,"105329475/105339902/105330764/105326700/105340555/105326051",0.0769230769230769,0.000823017669751721,3.08459084061605,0.0238530534211441
"2","Day2","green","crg04310","Wnt signaling pathway",109,7,"105329031/105330764/105334062/105341513/105332042/105333460/105317364",0.0642201834862385,0.000888643166670073,3.05127259432351,0.0238530534211441
