"","Type","KEGGID_pathway","pathway.name","Num.genes.all","Num.genes.exp","Gene.IDs","Rich_factor","pvalue","log10_pvalue","qvalue"
"cvn03010","Cohort WGNA modules brown + black","cvn03010","Ribosome",137,76,"111100708/111101507/111101860/111102380/111103110/111105616/111106322/111106468/111111438/111114067/111114718/111115132/111115985/111118104/111118126/111118248/111118348/111118510/111118540/111119040/111119059/111119071/111119359/111119576/111119745/111120067/111120557/111120619/111121848/111122453/111122600/111122819/111124874/111125240/111125367/111125548/111126040/111126078/111126128/111126281/111126614/111126648/111127354/111127437/111127638/111127769/111128580/111128745/111129410/111130039/111130094/111130771/111131049/111131216/111131662/111132903/111135077/111135345/111135849/111136230/111136247/111136425/111137089/111137903/111121303/111121432/111124595/111125877/111128646/111130763/111131076/111133074/111133190/111134635/111136789/111137692",0.554744525547445,1.50485199654529e-59,58.822506211196,1.61573582786968e-57
"cvn03050","Cohort WGNA modules brown + black","cvn03050","Proteasome",41,15,"111122411/111116995/111122651/111122853/111125779/111125990/111127912/111130295/111130300/111130431/111130528/111130532/111130572/111133428/111133546",0.365853658536585,4.42443829592989e-09,8.35414185727406,2.37522476939394e-07
"cvn04122","Cohort WGNA modules brown + black","cvn04122","Sulfur relay system",12,4,"111099660/111126179/111134884/111136090",0.333333333333333,0.00411157534666807,2.385991746669,0.0882906706021354
"cvn00190","Cohort WGNA modules brown + black","cvn00190","Oxidative phosphorylation",98,23,"111101764/111124800/111129296/111100677/111100768/111109666/111112645/111117675/111118611/111121087/111121196/111121515/111123623/111125836/111126886/111132066/111133037/111135946/111136515/111137078/111137688/111138180/111138187",0.23469387755102,6.87724472040439e-09,8.16258552141481,2.46132968940789e-07
"cvn03040","Cohort WGNA modules brown + black","cvn03040","Spliceosome",141,18,"111118274/111126498/111133056/111137770/111108729/111110150/111118069/111119654/111120158/111120984/111122102/111125980/111128900/111129496/111134475/111136320/111136413/111138463",0.127659574468085,0.00154388315673168,2.81138557077932,0.0414410742070081
